<?xml version="1.0" encoding="UTF-8"?>
<Export generator="IRIS" version="26">
<Class name="Demo.PEX.Production.DotNet.RemoteBusinessService">
<Super>Ens.Production</Super>
<TimeCreated>65028,23616.546297</TimeCreated>

<XData name="ProductionDefinition">
<Data><![CDATA[
<Production Name="Demo.PEX.Production.DotNet.RemoteBusinessService" LogGeneralTraceEvents="false">
<Description></Description>
<ActorPoolSize>2</ActorPoolSize>
<Item Name="InterSystems.Demo.PEX.BusinessService" Category="" ClassName="EnsLib.PEX.BusinessService" PoolSize="1" Enabled="true" Foreground="true" Comment="" LogTraceEvents="false" Schedule="">
<Setting Target="Host" Name="%gatewayPort">55555</Setting>
<Setting Target="Host" Name="%gatewayExtraClasspaths">C:\PEXDemo\DemoPEX.exe</Setting>
<Setting Target="Host" Name="%remoteClassname">InterSystems.Demo.PEX.BusinessService</Setting>
<Setting Target="Host" Name="%remoteSettings">Min=111
Mid=333
Max=555</Setting>
</Item>
</Production>
]]></Data>
</XData>
</Class>
</Export>
