<?xml version="1.0" encoding="UTF-8"?>
<Export generator="IRIS" version="26" zv="IRIS for UNIX (Ubuntu Server LTS for x86-64 Containers) 2020.1 (Build 194U)" ts="2020-02-11 19:29:29">
<Class name="Demo.AllJava">
<Super>Ens.Production</Super>
<TimeChanged>65420,70106.718536</TimeChanged>
<TimeCreated>65419,73019.626915</TimeCreated>

<Method name="OnStart">
<ClassMethod>1</ClassMethod>
<ReturnType>%Status</ReturnType>
<Implementation><![CDATA[
  set st =  ##class(%Net.Remote.Service).StartGateway("JavaGateway2")

  return st
]]></Implementation>
</Method>

<XData name="ProductionDefinition">
<Data><![CDATA[
<Production Name="Demo.AllJava" LogGeneralTraceEvents="false">
  <Description></Description>
  <ActorPoolSize>2</ActorPoolSize>
  <Item Name="EnsLib.PEX.BusinessService" Category="" ClassName="EnsLib.PEX.BusinessService" PoolSize="1" Enabled="true" Foreground="false" Comment="" LogTraceEvents="false" Schedule="">
    <Setting Target="Host" Name="%gatewayPort">44444</Setting>
    <Setting Target="Host" Name="%remoteClassname">demo.InboundService</Setting>
    <Setting Target="Host" Name="%gatewayExtraClasspaths"></Setting>
    <Setting Target="Adapter" Name="CallInterval">5</Setting>
    <Setting Target="Host" Name="%gatewayHost">0.0.0.0</Setting>
    <Setting Target="Host" Name="%remoteSettings">inPath=/datavol/data/in
tNames=EnsLib.PEX.BusinessOperation</Setting>
  </Item>
  <Item Name="EnsLib.PEX.BusinessProcess" Category="" ClassName="EnsLib.PEX.BusinessProcess" PoolSize="1" Enabled="true" Foreground="false" Comment="" LogTraceEvents="false" Schedule="">
    <Setting Target="Host" Name="%remoteClassname">demo.CustomProcess</Setting>
    <Setting Target="Host" Name="%gatewayExtraClasspaths"></Setting>
    <Setting Target="Host" Name="%gatewayPort">44444</Setting>
    <Setting Target="Host" Name="%gatewayHost">0.0.0.0</Setting>
  </Item>
  <Item Name="EnsLib.PEX.BusinessOperation" Category="" ClassName="EnsLib.PEX.BusinessOperation" PoolSize="1" Enabled="true" Foreground="false" Comment="" LogTraceEvents="false" Schedule="">
    <Setting Target="Host" Name="%remoteClassname">demo.CustomOperation</Setting>
    <Setting Target="Host" Name="%gatewayExtraClasspaths"></Setting>
    <Setting Target="Host" Name="%remoteSettings">outPath=/datavol/data/out/</Setting>
  </Item>
</Production>
]]></Data>
</XData>
</Class>


<Project name="EnsExportProduction_2020-02-11 19-29-03_315+0" LastModified="2020-02-11 19:29:29.604632">
  <ProjectDescription>Studio Project generated from Production 'Demo.AllJava' at 2020-02-11 19:29:03.315 UTC</ProjectDescription>
  <Items>
    <ProjectItem name="Demo.AllJava" type="CLS"></ProjectItem>
    <ProjectItem name="ProductionSettings:Demo.AllJava.PTD" type="PTD"></ProjectItem>
    <ProjectItem name="EnsExportNotes.EnsExportProduction_2020-02-11 19-29-03_315+0.PTD" type="PTD"></ProjectItem>
  </Items>
</Project>


<Document name="EnsExportNotes.EnsExportProduction_2020-02-11 19-29-03_315+0.PTD"><ProjectTextDocument name="EnsExportNotes.EnsExportProduction_2020-02-11 19-29-03_315+0" description="Export Notes for export EnsExportProduction_2020-02-11 19-29-03_315+0">
<![CDATA[<Deployment>
<Creation>
<Machine>0DFA0A7AF60C</Machine>
<Instance>IRIS</Instance>
<Namespace>INTEROP</Namespace>
<SourceProduction>Demo.AllJava</SourceProduction>
<Username>SuperUser</Username>
<UTC>2020-02-11 19:29:29.603</UTC>
</Creation>
<Notes>
</Notes>
<Contents>
<ExportProject>EnsExportProduction_2020-02-11 19-29-03_315+0</ExportProject>
<Item num="1">Demo.AllJava.CLS</Item>
<Item num="2">ProductionSettings:Demo.AllJava.PTD</Item>
</Contents>
<ProductionClassInExport>Demo.AllJava</ProductionClassInExport>
</Deployment>

]]></ProjectTextDocument>
</Document>

<Document name="ProductionSettings:Demo.AllJava.PTD"><ProjectTextDocument name="ProductionSettings:Demo.AllJava" description="Settings for production Demo.AllJava">
<![CDATA[<Production Name='Demo.AllJava' LogGeneralTraceEvents='false'><Description/><ActorPoolSize>2</ActorPoolSize></Production>
]]></ProjectTextDocument>
</Document></Export>
