<?xml version="1.0" encoding="UTF-8"?>
<Export generator="IRIS" version="26">
<Class name="Demo.PEX.Production.NonPollingBusinessService">
<Super>Ens.Production</Super>
<TimeCreated>65028,23616.546297</TimeCreated>

<XData name="ProductionDefinition">
<Data><![CDATA[
<Production Name="Demo.PEX.Production.NonPollingBusinessService" LogGeneralTraceEvents="false">
<Description></Description>
<ActorPoolSize>2</ActorPoolSize>
<Item Name="Demo.PEX.NonPollingBusinessService" Category="" ClassName="Demo.PEX.NonPollingBusinessService" PoolSize="1" Enabled="true" Foreground="true" Comment="" LogTraceEvents="false" Schedule="">
</Item>
</Production>
]]></Data>
</XData>
</Class>
</Export>
