<?xml version="1.0" encoding="UTF-8"?>
<Export generator="IRIS" version="26">
<Class name="Demo.PEX.BusinessService">
<Super>Ens.BusinessService</Super>
<TimeCreated>65028,41923.206443</TimeCreated>

<Parameter name="ADAPTER">
<Default>EnsLib.PEX.InboundAdapter</Default>
</Parameter>

<Method name="OnProcessInput">
<FormalSpec><![CDATA[pRequest:%RegisteredObject,*pResponse:%RegisteredObject,&pHint:%String]]></FormalSpec>
<ReturnType>%Status</ReturnType>
<Implementation><![CDATA[
	set tSC = $$$OK
	try {
		if $$$EnsJobStatus($$$SystemName,$job,$$$eJobForeground) {
			set io = $io use $p
			write !,"[IRIS] Demo.PEX.BusinessService:OnProcessInput() is called"
			use io
		}
		set pResponse = "echo to "_pRequest.value
	} catch ex {
		set tSC = ex.AsStatus()
	}
	quit tSC
]]></Implementation>
</Method>
</Class>
</Export>
