<?xml version="1.0" encoding="UTF-8"?>
<Export generator="IRIS" version="26">
<Class name="Demo.PEX.NonPollingBusinessService">
<Super>Ens.BusinessService</Super>
<TimeCreated>65028,41923.206443</TimeCreated>

<Method name="OnProcessInput">
<FormalSpec><![CDATA[pRequest:%RegisteredObject,*pResponse:%RegisteredObject,&pHint:%String]]></FormalSpec>
<ReturnType>%Status</ReturnType>
<Implementation><![CDATA[
	set tSC = $$$OK
	try {
		set pResponse = "[IRIS] Demo.PEX.NonPollingBusinessService:OnProcessInput() receives """_pRequest_""""
	} catch ex {
		set tSC = ex.AsStatus()
	}
	quit tSC
]]></Implementation>
</Method>
</Class>
</Export>
