Name|Phone|Company|City
Harlan Mcpherson|(825) 272-5133|Accumsan Neque Et Industries|Gresham
Jarrod Castaneda|(936) 844-7888|Duis Company|Tulita
Zane Neal|(328) 694-1163|Dictum Eu Industries|Armo
Kane Green|(749) 819-4599|Turpis Nulla Aliquet Limited|Coaldale
Grant Hoover|(176) 479-2273|Aliquam Eros Turpis Industries|Warren
Rooney Osborne|(134) 675-1098|Sem Elit PC|Bailivre
Chancellor Lloyd|(983) 514-7270|Tempus Non Lacinia Associates|Pirmasens
Branden Reese|(826) 158-0500|Gravida Corp.|Arras
Wylie Rowland|(619) 286-5305|Dignissim Tempor Arcu Associates|Toronto
Jackson Haney|(712) 915-2583|Ac Ipsum Foundation|Tongeren
Alvin Chavez|(740) 879-0715|Erat In Company|Minderhout
Christopher Salazar|(240) 994-6533|Lorem Semper Auctor Institute|Cawdor
Ferris Shepherd|(131) 213-0419|Vestibulum Accumsan Neque Company|Mâcon
Tyler Cameron|(185) 335-0458|Nisi Corporation|Graneros
Brent Burris|(742) 123-3732|Nisl Quisque Fringilla Inc.|Bellevue
Jerome Bradford|(706) 544-9948|Rutrum Lorem Company|Sint-Martens-Bodegem
Zeph Wilkinson|(678) 689-7163|Orci Luctus LLC|Bad Hersfeld
Macaulay Gardner|(361) 495-4608|Fusce Aliquet Inc.|Overland Park
Paki Bailey|(623) 759-5873|Id PC|Martello/Martell
Quentin Black|(651) 249-0564|Luctus Et Ltd|Cinisi
Eaton Welch|(208) 171-7344|Sagittis Ltd|Waterbury
Flynn Wheeler|(388) 329-0865|Cras LLC|Montague
Slade Pierce|(481) 994-9698|Penatibus Et Magnis Inc.|Paulista
Cullen Pena|(846) 138-7945|Sed LLP|Amstelveen
Akeem Adkins|(384) 918-1855|Consequat Corporation|Livo
Daniel Malone|(968) 361-5103|Cras Incorporated|Camaçari
Grant Pugh|(706) 834-0029|Euismod Incorporated|Alix
Dillon Monroe|(956) 150-9457|Lobortis Nisi Nibh Industries|Halifax
Barrett Baldwin|(185) 688-9891|Aliquam Ltd|Senftenberg
Beck Brown|(806) 220-7700|Mauris Eu Turpis Incorporated|Sawahlunto
Gareth Conrad|(880) 665-0189|Duis Mi Enim PC|Llanelli
Drake Chavez|(204) 472-4054|Orci Ltd|Castellana Sicula
Fuller Brown|(984) 793-2993|Lacinia Sed Congue PC|Chekhov
Ignatius Stanton|(577) 165-2477|Nunc Id Enim LLC|Roosbeek
Bernard Patel|(316) 677-5689|Molestie Pharetra LLP|Rutten
Blaze Kim|(973) 972-6124|Ut Limited|Ceppaloni
Arthur Hendrix|(970) 759-9528|Molestie Institute|Biała Podlaska
Linus Osborne|(429) 648-0706|Magna Duis Corp.|Halen
Clinton Hinton|(412) 307-3243|Dui Corporation|Vergnies
Hunter Henderson|(925) 117-0341|Ultrices Institute|Banda
Xenos Salinas|(581) 500-0672|Vivamus Sit Amet Associates|Souvret
Arden Bennett|(393) 725-2960|Tristique Senectus Corp.|Clackmannan
Elvis Ayala|(351) 259-3907|Erat Inc.|Cuautla
Zahir Church|(526) 488-7509|Interdum Curabitur Associates|Alma
Drew Guerrero|(135) 341-6490|Sapien Imperdiet Company|Dole
James Burns|(713) 150-1721|Arcu Vel Limited|North Saanich
Murphy Kerr|(767) 784-1715|Tincidunt Tempus Risus Incorporated|Kohlu
Brett Perry|(606) 879-7215|Adipiscing Fringilla Industries|Rexton
Keegan Christian|(647) 886-8863|Ipsum Phasellus Company|Mantova
Cain Davidson|(188) 387-8803|Sed Dictum Inc.|Tulsa
Ciaran Rojas|(518) 618-9076|Odio Semper Consulting|Killa Saifullah
Acton Doyle|(206) 588-8945|Rutrum Urna Inc.|Carcassonne
Keaton Avila|(134) 769-7994|Vestibulum Accumsan Company|Termes
Philip Puckett|(500) 606-0201|Elit Sed Consequat Corp.|Siena
Baxter Rosa|(815) 178-6236|Lorem Ipsum Dolor PC|Chaitén
Thor West|(398) 712-3069|Dictum Associates|La Cruz
Raphael Noel|(417) 677-2905|Euismod Incorporated|South Burlington
Ashton Santos|(498) 619-2577|Ultrices Duis Ltd|Kitzbühel
Oleg Roth|(333) 792-8773|Aliquet Vel Company|Mustafakemalpaşa
Hoyt Acevedo|(981) 724-4991|In Dolor Fusce Limited|Dolgellau
Carlos Henderson|(908) 655-1302|Metus Aliquam Erat LLP|Verzegnis
Sylvester Sawyer|(377) 316-0551|Quis Institute|Heerhugowaard
Hamilton Howard|(431) 899-7666|Convallis In Foundation|Quedlinburg
Garrison Gross|(166) 885-7749|Convallis Ante Lectus Industries|Ulloa (Barrial)
Dexter Valentine|(188) 554-2592|Euismod Mauris Eu Corporation|Brussel
Dale Greer|(387) 935-0790|Lectus Sit Corporation|Merksem
Baxter Woodard|(131) 309-4446|Velit Quisque Inc.|Te Puke
Travis Coleman|(950) 152-8287|Tellus LLP|Shangla
Malik Barr|(941) 104-8504|Lorem Sit Industries|Mglin
Emerson Jennings|(853) 651-5781|Tincidunt Aliquam Arcu Industries|Tire
Emery Francis|(504) 395-9213|Sit Amet Consectetuer Corporation|Quellón
Ignatius Riddle|(141) 116-6504|Placerat LLC|Kimberly
Arthur Francis|(772) 710-2229|Iaculis Aliquet Associates|Markkleeberg
Reese Frost|(871) 937-9211|A Mi Fringilla Corp.|Pemuco
Sylvester Lowe|(115) 463-7420|Auctor Odio A LLP|Impe
Timothy Reed|(296) 709-3565|Justo Corp.|Bengkulu
Brandon Doyle|(722) 450-2969|Amet Nulla LLC|Oromocto
Yardley Park|(685) 732-1476|Libero Est Congue Company|Beauvechain
Cadman Pacheco|(134) 723-0581|Elementum Limited|Oswestry
Charles Koch|(875) 936-2490|Luctus Ipsum Foundation|Cottbus
Norman Weeks|(209) 870-6571|Aliquam Tincidunt LLP|Gießen
Kermit Waller|(994) 151-8680|Laoreet Ipsum Foundation|Martelange
Carter Emerson|(832) 932-5630|Porttitor Industries|Völklingen
Lionel Barry|(341) 515-2453|Rutrum LLP|Castelbianco
Hiram Hoover|(681) 525-6013|Vulputate Associates|Haut-Ittre
Matthew Richardson|(839) 679-2674|Nec Mollis Vitae Consulting|Riksingen
Reese Dale|(119) 479-4074|Urna Et Inc.|Brive-la-Gaillarde
Kareem Owens|(620) 879-1142|Quam Elementum At Incorporated|Runcorn
Beau Lambert|(669) 189-3843|Quisque Industries|Perchtoldsdorf
Cedric Cabrera|(301) 137-9587|Consectetuer Mauris Id Ltd|Gasp�
Sawyer Bishop|(749) 159-4378|Est Institute|Oostkerke
Lev Burgess|(291) 838-3711|Non Lacinia Corporation|Beervelde
Joel Santiago|(261) 552-8813|Maecenas Malesuada Fringilla Company|TrognŽe
Wylie Houston|(122) 969-9118|Nisi Magna Sed Associates|Borisovka
Duncan Nixon|(741) 455-7394|Egestas Lacinia Inc.|Huntly
Brody Potts|(368) 389-9810|Velit Cras Company|Strijtem
Kuame Hebert|(722) 884-7321|Semper Rutrum PC|Belcarra
Allistair Harris|(231) 769-3674|Non Sapien Incorporated|Hualaihué
Harding Avila|(762) 854-8597|Phasellus Dolor LLP|l'Escaillre
Stuart Hale|(501) 479-0425|Iaculis Corporation|Neudörfl